percan,catcan,Name,PastLandUse,geometry
1,high,Adrien-D.-Archambault,Industrial,-73.5572630926572|45.4571960447299
0.985,high,Adrien-D.-Archambault,Industrial,-73.5582243994858|45.4569178308178
1,high,Adrien-D.-Archambault,Industrial,-73.5574690922458|45.4572022921862
0.180156657963446,low,Adrien-D.-Archambault,Industrial,-73.5564389468858|45.4562008239123
0.23,low,Adrien-D.-Archambault,Industrial,-73.5577129550606|45.4569180903683
0.265,low,Adrien-D.-Archambault,Industrial,-73.5569457884098|45.4569184754004
0.237410071942446,low,Adrien-D.-Archambault,Industrial,-73.558655579785|45.4563632018651
0.22,low,Adrien-D.-Archambault,Industrial,-73.5587345360667|45.4556577790476
0.653374233128834,med,Adrien-D.-Archambault,Industrial,-73.5582032132397|45.4570907539221
0.4275,med,Adrien-D.-Archambault,Industrial,-73.5589896896637|45.4551177372216
0.563934426229508,med,Adrien-D.-Archambault,Industrial,-73.5589607184571|45.4554721909542
0.585,med,Adrien-D.-Archambault,Industrial,-73.5579686772741|45.4569179608793
0.562659846547315,med,Adrien-D.-Archambault,Industrial,-73.5572032549895|45.4570970075555
0.825,high,Angrignon,Agricultural,-73.5940054551789|45.4448359808443
1,high,Angrignon,Agricultural,-73.598607781568|45.4450120709742
1,high,Angrignon,Agricultural,-73.6001283131503|45.4423230860596
1,high,Angrignon,Agricultural,-73.602952503195|45.4441083853935
1,high,Angrignon,Agricultural,-73.5991184875635|45.4446516880552
0.229166666666667,low,Angrignon,Agricultural,-73.5971088847287|45.4458384332956
0.1825,low,Angrignon,Agricultural,-73.6044874841353|45.4446469029937
0.28,low,Angrignon,Agricultural,-73.60295577683|45.4459080868995
0.2975,low,Angrignon,Agricultural,-73.5965624361371|45.4450138183405
0.259398496240602,low,Angrignon,Agricultural,-73.5988721338249|45.4460641710975
0.7575,med,Angrignon,Agricultural,-73.6070461909302|45.445724356424
0.575,med,Angrignon,Agricultural,-73.5937503839661|45.4451961313662
0.405,med,Angrignon,Agricultural,-73.5945173910583|45.4451954992761
0.7775,med,Angrignon,Agricultural,-73.5934941203607|45.4448364005157
0.719354838709677,med,Angrignon,Agricultural,-73.5980806401895|45.441793874018
1,high,Angrignon,Forested,-73.6047324946859|45.4388876210632
1,high,Angrignon,Forested,-73.6070417662166|45.4433847445861
1,high,Angrignon,Forested,-73.6055061243831|45.4424863207619
1,high,Angrignon,Forested,-73.5978702083463|45.4398074083844
1,high,Angrignon,Forested,-73.5996190515247|45.4385322537817
0.1425,low,Angrignon,Forested,-73.5996241189069|45.4414117790378
0.145,low,Angrignon,Forested,-73.61061785102|45.4417616027357
0.29,low,Angrignon,Forested,-73.5993684670076|45.4414120017227
0.1125,low,Angrignon,Forested,-73.5985996304402|45.4403328445109
0.2525,low,Angrignon,Forested,-73.5975789036294|45.4414135444957
0.76,med,Angrignon,Forested,-73.5993672033414|45.4406921205398
0.565,med,Angrignon,Forested,-73.6075479585603|45.4406847110084
0.7575,med,Angrignon,Forested,-73.6067864449965|45.4435649540576
0.6375,med,Angrignon,Forested,-73.606523332384|45.4396058475374
0.4475,med,Angrignon,Forested,-73.6078053208079|45.4415843212454
1,high,Arthur-Therrien,Industrial,-73.5598504718793|45.465380379474
1,high,Arthur-Therrien,Industrial,-73.5598376872066|45.4657397620206
0.975,high,Arthur-Therrien,Industrial,-73.5600228565906|45.4648355773431
0.9975,high,Arthur-Therrien,Industrial,-73.5600238115472|45.4657354258482
0.815,high,Arthur-Therrien,Industrial,-73.5602791899976|45.4653753517824
0.1675,low,Arthur-Therrien,Industrial,-73.5613010613986|45.464294989066
0.1575,low,Arthur-Therrien,Industrial,-73.5605339873577|45.4644753679751
0.159533073929961,low,Arthur-Therrien,Industrial,-73.5622787705341|45.4641221943763
0.2325,low,Arthur-Therrien,Industrial,-73.5607910977402|45.4657350200825
0.15,low,Arthur-Therrien,Industrial,-73.5622157633477|45.4662716369516
0.5975,med,Arthur-Therrien,Industrial,-73.5597707122035|45.4682551350267
0.3675,med,Arthur-Therrien,Industrial,-73.5610470540529|45.4659148533625
0.675,med,Arthur-Therrien,Industrial,-73.5597703317928|45.4678951957996
0.67,med,Arthur-Therrien,Industrial,-73.5597705219972|45.468075165416
0.505,med,Arthur-Therrien,Industrial,-73.5602788063891|45.4650154123763
0.85,high,Baldwin,Industrial,-73.5626578388064|45.5346620222678
0.840336134453782,high,Baldwin,Industrial,-73.5622331517871|45.5339546247254
0.9,high,Baldwin,Industrial,-73.5636215610199|45.5345436352963
1,high,Baldwin,Industrial,-73.5630501316311|45.5342076532237
0.9325,high,Baldwin,Industrial,-73.5624021625772|45.5350220974229
0.255,low,Baldwin,Industrial,-73.5621458884026|45.5348422695318
0.298192771084337,low,Baldwin,Industrial,-73.5631741928386|45.5348294288165
0.473913043478261,med,Baldwin,Industrial,-73.5624068577756|45.5353464870969
0.6,med,Baldwin,Industrial,-73.5626574390965|45.5343020872627
0.375,med,Baldwin,Industrial,-73.5628187088859|45.5351452879594
0.4725,med,Baldwin,Industrial,-73.5634260617342|45.53466159831
1,high,Bois-de-Liesse,Forested,-73.7711875924942|45.4990835411652
1,high,Bois-de-Liesse,Forested,-73.7796139215524|45.4952838805149
1,high,Bois-de-Liesse,Forested,-73.7706645628634|45.4967451872794
0.939068100358423,high,Bois-de-Liesse,Forested,-73.7576890317424|45.5090377729447
0.994974874371859,high,Bois-de-Liesse,Forested,-73.7589664972651|45.5085140754399
0.125,low,Bois-de-Liesse,Forested,-73.7681183769397|45.4994507239186
0.123076923076923,low,Bois-de-Liesse,Forested,-73.7583350438107|45.5063611947595
0.1,low,Bois-de-Liesse,Forested,-73.7630135419308|45.5023420910742
0.3,low,Bois-de-Liesse,Forested,-73.7683708691263|45.4987302559489
0.76,med,Bois-de-Liesse,Forested,-73.766584603337|45.4998142511544
0.505,med,Bois-de-Liesse,Forested,-73.7619965190111|45.5037841773045
0.6675,med,Bois-de-Liesse,Forested,-73.765575332|45.5028760698084
0.6225,med,Bois-de-Liesse,Forested,-73.7798671400849|45.4947433537208
0.675675675675676,med,Bois-de-Liesse,Forested,-73.7766358694069|45.500095471707
1,high,Bois-de-Saraguay,Forested,-73.7380048839236|45.5194939316746
1,high,Bois-de-Saraguay,Forested,-73.7365124158529|45.5192781967995
1,high,Bois-de-Saraguay,Forested,-73.7397831486658|45.5162507858589
1,high,Bois-de-Saraguay,Forested,-73.748998737143|45.5162310696958
1,high,Bois-de-Saraguay,Forested,-73.739007564044|45.5144527288418
0.1225,low,Bois-de-Saraguay,Forested,-73.7433452714633|45.511204140851
0.29,low,Bois-de-Saraguay,Forested,-73.7446289983842|45.5121012407239
0.290322580645161,low,Bois-de-Saraguay,Forested,-73.752582469774|45.5179694778442
0.134146341463415,low,Bois-de-Saraguay,Forested,-73.7521727838908|45.5167780565752
0.175895765472313,low,Bois-de-Saraguay,Forested,-73.7313519500147|45.5157136189002
0.6925,med,Bois-de-Saraguay,Forested,-73.7356828210005|45.5151795098848
0.595,med,Bois-de-Saraguay,Forested,-73.7377231148688|45.5133755993699
0.705,med,Bois-de-Saraguay,Forested,-73.7446360156811|45.5137209405722
0.8,med,Bois-de-Saraguay,Forested,-73.7402790423929|45.5124704101226
0.6475,med,Bois-de-Saraguay,Forested,-73.7351738516144|45.5159004317968
1,high,Boisé-du-Saint-Sulpice,Forested,-73.6395289761233|45.5543903968756
1,high,Boisé-du-Saint-Sulpice,Forested,-73.6401576753188|45.5508751084257
1,high,Boisé-du-Saint-Sulpice,Forested,-73.6405522833889|45.5538492414115
0.8575,high,Boisé-du-Saint-Sulpice,Forested,-73.6413203147646|45.5536683268523
1,high,Boisé-du-Saint-Sulpice,Forested,-73.6402974659719|45.5543894556438
0.2375,low,Boisé-du-Saint-Sulpice,Forested,-73.6402947792009|45.5533096569015
0.2475,low,Boisé-du-Saint-Sulpice,Forested,-73.6400375995963|45.5529501306957
0.294117647058824,low,Boisé-du-Saint-Sulpice,Forested,-73.6397437264419|45.5516898657851
0.275862068965517,low,Boisé-du-Saint-Sulpice,Forested,-73.6417249093669|45.5536138159891
0.125,low,Boisé-du-Saint-Sulpice,Forested,-73.6393296457958|45.5524235195363
0.3225,med,Boisé-du-Saint-Sulpice,Forested,-73.6408070959342|45.5533090265652
0.6375,med,Boisé-du-Saint-Sulpice,Forested,-73.6413212168958|45.5540282597507
0.7175,med,Boisé-du-Saint-Sulpice,Forested,-73.6397824624506|45.5533102849403
0.58,med,Boisé-du-Saint-Sulpice,Forested,-73.6413198637054|45.5534883603946
0.675,med,Boisé-du-Saint-Sulpice,Forested,-73.639524968099|45.5527706986324
0.9475,high,Boisé Jean-Milot,Industrial,-73.5678486111598|45.5922483998291
1,high,Boisé Jean-Milot,Industrial,-73.5681073745108|45.592786597959
1,high,Boisé Jean-Milot,Industrial,-73.5683809622746|45.5929067723053
0.971291866028708,high,Boisé Jean-Milot,Industrial,-73.568556711988|45.5926140071789
0.99,high,Boisé Jean-Milot,Industrial,-73.5673363694981|45.5926086344684
0.167883211678832,low,Boisé Jean-Milot,Industrial,-73.5668316955914|45.5925832764752
0.241635687732342,low,Boisé Jean-Milot,Industrial,-73.5671184097253|45.591899301828
0.21,low,Boisé Jean-Milot,Industrial,-73.5673355086585|45.5918887718367
0.6625,med,Boisé Jean-Milot,Industrial,-73.5673361542852|45.5924286688191
0.778571428571429,med,Boisé Jean-Milot,Industrial,-73.5685342359464|45.5924351299961
0.7875,med,Boisé Jean-Milot,Industrial,-73.5683617202152|45.5926080254904
0.54,med,Boisé Jean-Milot,Industrial,-73.5675922751181|45.5922485517841
0.580645161290323,med,Boisé Jean-Milot,Industrial,-73.5682684775751|45.5915552964438
1,high,Cap Saint-Jacques,Agricultural,-73.9385525132007|45.465809176016
1,high,Cap Saint-Jacques,Agricultural,-73.935179233611|45.4595231288632
0.975,high,Cap Saint-Jacques,Agricultural,-73.9393491371947|45.4695854805536
1,high,Cap Saint-Jacques,Agricultural,-73.932686665802|45.4679911843055
1,high,Cap Saint-Jacques,Agricultural,-73.9410384964438|45.4566211340979
0.231155778894472,low,Cap Saint-Jacques,Agricultural,-73.922941030554|45.4644280477886
0.28,low,Cap Saint-Jacques,Agricultural,-73.9342475125198|45.4714046861742
0.205,low,Cap Saint-Jacques,Agricultural,-73.9354266491223|45.4584423655384
0.1625,low,Cap Saint-Jacques,Agricultural,-73.9300674327207|45.4599024296708
0.15,low,Cap Saint-Jacques,Agricultural,-73.9254886813189|45.4631590370718
0.6825,med,Cap Saint-Jacques,Agricultural,-73.9357669398951|45.4694192328849
0.6725,med,Cap Saint-Jacques,Agricultural,-73.9255238837114|45.4678381224497
0.325,med,Cap Saint-Jacques,Agricultural,-73.92879015359|45.4600872016223
0.441558441558442,med,Cap Saint-Jacques,Agricultural,-73.9357503753979|45.4695478834513
0.46,med,Cap Saint-Jacques,Agricultural,-73.9341328485073|45.4564676188382
1,high,Cap Saint-Jacques,Forested,-73.9385536744233|45.4670319294626
1,high,Cap Saint-Jacques,Forested,-73.9420669748153|45.4573370389315
1,high,Cap Saint-Jacques,Forested,-73.9433892834017|45.4629109850377
1,high,Cap Saint-Jacques,Forested,-73.9416328062033|45.4659587973677
1,high,Cap Saint-Jacques,Forested,-73.9466755553066|45.4580389905907
0.267857142857143,low,Cap Saint-Jacques,Forested,-73.9453442857837|45.4636697652587
0.164179104477612,low,Cap Saint-Jacques,Forested,-73.9425779863144|45.4648816405022
0.2325,low,Cap Saint-Jacques,Forested,-73.9296256866879|45.4690825568663
0.203571428571429,low,Cap Saint-Jacques,Forested,-73.9431042493174|45.4625713154554
0.231843575418994,low,Cap Saint-Jacques,Forested,-73.9426244703611|45.4647082696372
0.602272727272727,med,Cap Saint-Jacques,Forested,-73.9415733518282|45.4616596928113
0.458966565349544,med,Cap Saint-Jacques,Forested,-73.9418307218709|45.4622089710492
0.398477157360406,med,Cap Saint-Jacques,Forested,-73.9428874105387|45.4643515634206
0.545931758530184,med,Cap Saint-Jacques,Forested,-73.9301384581539|45.469617407077
0.625,med,Cap Saint-Jacques,Forested,-73.9267959160998|45.4669335276585
0.950980392156863,high,Coulée Grou,Forested,-73.5065104817895|45.6986570422622
1,high,Coulée Grou,Forested,-73.5063399469707|45.6989870795816
1,high,Coulée Grou,Forested,-73.5022194935754|45.6911165813731
1,high,Coulée Grou,Forested,-73.5045421241618|45.6982673155347
1,high,Coulée Grou,Forested,-73.5058263186551|45.6991670693315
0.11734693877551,low,Coulée Grou,Forested,-73.5004301208289|45.6957498694623
0.190058479532164,low,Coulée Grou,Forested,-73.5011853015304|45.686205991173
0.165,low,Coulée Grou,Forested,-73.5017169366348|45.6928685175222
0.105,low,Coulée Grou,Forested,-73.4996625845565|45.6908889409944
0.1575,low,Coulée Grou,Forested,-73.5019737701155|45.6939482888638
0.3175,med,Coulée Grou,Forested,-73.5040283415991|45.6962877477537
0.8,med,Coulée Grou,Forested,-73.5002880564873|45.6929778106335
0.432098765432099,med,Coulée Grou,Forested,-73.5037273895251|45.6950454521296
0.73,med,Coulée Grou,Forested,-73.50120334178|45.6926885614845
0.4575,med,Coulée Grou,Forested,-73.4991490362412|45.6892692741406
0.97,high,Félix-Leclerc,Industrial,-73.5614384422942|45.5906323348119
1,high,Félix-Leclerc,Industrial,-73.5649576307174|45.5898061257478
1,high,Félix-Leclerc,Industrial,-73.5640876238701|45.5918148308041
0.951612903225806,high,Félix-Leclerc,Industrial,-73.5634350568898|45.5894432378957
0.275,low,Félix-Leclerc,Industrial,-73.561949177489|45.5891925808804
0.3,low,Félix-Leclerc,Industrial,-73.5664629069183|45.5923726853425
0.2225,low,Félix-Leclerc,Industrial,-73.5599000870954|45.5902732201099
0.275862068965517,low,Félix-Leclerc,Industrial,-73.5673090718819|45.5908046688401
0.17,low,Félix-Leclerc,Industrial,-73.5627184426749|45.5893720559886
0.755,med,Félix-Leclerc,Industrial,-73.5609255901466|45.5904526436378
0.755,med,Félix-Leclerc,Industrial,-73.561438245945|45.5904523690791
0.450867052023121,med,Félix-Leclerc,Industrial,-73.5601712580461|45.5895598793876
0.460251046025105,med,Félix-Leclerc,Industrial,-73.5596924816685|45.5902841883183
0.37,med,Félix-Leclerc,Industrial,-73.5601562219342|45.5900931196711
0.99,high,Frédéric-Back,Industrial,-73.6198177770794|45.5607116129403
1,high,Frédéric-Back,Industrial,-73.6203297773392|45.5605311079848
1,high,Frédéric-Back,Industrial,-73.619817394557|45.5605316465513
1,high,Frédéric-Back,Industrial,-73.62048677213|45.560255073789
0.165,low,Frédéric-Back,Industrial,-73.6216115107302|45.5608896842626
0.2475,low,Frédéric-Back,Industrial,-73.620586353701|45.5607108042237
0.130909090909091,low,Frédéric-Back,Industrial,-73.6213564591903|45.5605592214367
0.2175,low,Frédéric-Back,Industrial,-73.6210995113321|45.5610701949506
0.35,med,Frédéric-Back,Industrial,-73.6203301614975|45.5607110743704
0.4325,med,Frédéric-Back,Industrial,-73.6198181596055|45.5608915793236
0.71,med,Frédéric-Back,Industrial,-73.6200739692903|45.5607113439426
0.691588785046729,med,Frédéric-Back,Industrial,-73.6188385043238|45.5607718127831
0.655,med,Frédéric-Back,Industrial,-73.6210987380972|45.5607102622065
0.835,high,Ile-Bizard,Agricultural,-73.8831537815349|45.518559386903
0.9175,high,Ile-Bizard,Agricultural,-73.8828990064718|45.5187402093659
1,high,Ile-Bizard,Agricultural,-73.8794541093031|45.5161346713526
1,high,Ile-Bizard,Agricultural,-73.880025743805|45.5162973858393
1,high,Ile-Bizard,Agricultural,-73.8828732519896|45.5188854070166
0.15,low,Ile-Bizard,Agricultural,-73.8880003813867|45.5160234724494
0.185,low,Ile-Bizard,Agricultural,-73.8808401075938|45.517127378406
0.167910447761194,low,Ile-Bizard,Agricultural,-73.8805875150141|45.5164386765938
0.171296296296296,low,Ile-Bizard,Agricultural,-73.8838903872388|45.5183454248724
0.19,low,Ile-Bizard,Agricultural,-73.8867204610597|45.5160278127166
0.6375,med,Ile-Bizard,Agricultural,-73.8821188356605|45.516943139792
0.3675,med,Ile-Bizard,Agricultural,-73.8826405703546|45.5183811389859
0.515,med,Ile-Bizard,Agricultural,-73.887488413291|45.5160252102771
0.480874316939891,med,Ile-Bizard,Agricultural,-73.8882500932015|45.5160312522933
0.445,med,Ile-Bizard,Agricultural,-73.8813630272146|45.5187453476116
0.955,high,Ile-Bizard,Forested,-73.8954087891146|45.5138384488629
0.97,high,Ile-Bizard,Forested,-73.8797447371199|45.5065128899725
1,high,Ile-Bizard,Forested,-73.8756676333031|45.5092258988388
1,high,Ile-Bizard,Forested,-73.8854135137205|45.5120729267234
1,high,Ile-Bizard,Forested,-73.8698030897645|45.5126644348952
0.1375,low,Ile-Bizard,Forested,-73.8838740459416|45.5115382053498
0.208,low,Ile-Bizard,Forested,-73.8853950756603|45.4978818923652
0.2325,low,Ile-Bizard,Forested,-73.8900407937033|45.5149367139844
0.15,low,Ile-Bizard,Forested,-73.8754068943417|45.5085068820998
0.260606060606061,low,Ile-Bizard,Forested,-73.8897471943176|45.5124701624513
0.733333333333333,med,Ile-Bizard,Forested,-73.8865167795999|45.4980068015607
0.695,med,Ile-Bizard,Forested,-73.8843908739118|45.5122563409255
0.78,med,Ile-Bizard,Forested,-73.8774953999487|45.5146189248772
0.46,med,Ile-Bizard,Forested,-73.8879979078616|45.5156635443156
0.38,med,Ile-Bizard,Forested,-73.8869258810188|45.5086484136055
0.9175,high,Jardin Botanique,Industrial,-73.5711432443613|45.5623719968009
0.895522388059702,high,Jardin Botanique,Industrial,-73.5703432361578|45.5618897066401
0.916666666666667,high,Jardin Botanique,Industrial,-73.5700124448469|45.5617313289887
0.981412639405205,high,Jardin Botanique,Industrial,-73.5696092790854|45.5616836270636
0.853846153846154,high,Jardin Botanique,Industrial,-73.5711413607927|45.5630901148443
0.175,low,Jardin Botanique,Industrial,-73.5696064880607|45.5627328769639
0.24,low,Jardin Botanique,Industrial,-73.5696073770293|45.5634527432517
0.20655737704918,low,Jardin Botanique,Industrial,-73.5688506510661|45.5639750481585
0.1075,low,Jardin Botanique,Industrial,-73.5688378827381|45.5627333427053
0.345,med,Jardin Botanique,Industrial,-73.5690945257225|45.5630931211919
0.7225,med,Jardin Botanique,Industrial,-73.569608043778|45.5639926429077
0.365,med,Jardin Botanique,Industrial,-73.5701186677257|45.5625525970124
0.5075,med,Jardin Botanique,Industrial,-73.57012090655|45.5643522625984
0.655172413793103,med,Jardin Botanique,Industrial,-73.569841149473|45.5616954052745
1,high,Jean-Drapeau,Forested,-73.533965698842|45.5150576540103
1,high,Jean-Drapeau,Forested,-73.5321743131564|45.5159580136695
1,high,Jean-Drapeau,Forested,-73.5349891946928|45.5143374721518
1,high,Jean-Drapeau,Forested,-73.53524663743|45.5166769797538
0.2425,low,Jean-Drapeau,Forested,-73.5331997530674|45.5184772744437
0.108108108108108,low,Jean-Drapeau,Forested,-73.5349056753571|45.5187937577598
0.666666666666667,med,Jean-Drapeau,Forested,-73.534072821389|45.5145998402008
0.3175,med,Jean-Drapeau,Forested,-73.5349912023034|45.5175768990835
0.49,med,Jean-Drapeau,Forested,-73.5339674312108|45.5179371443737
0.66,med,Jean-Drapeau,Forested,-73.5349895292709|45.5148773767686
0.761467889908257,med,Jean-Drapeau,Forested,-73.5352614867468|45.5134508949951
1,high,L'Anse-À-L'Orme,Agricultural,-73.9279712301428|45.4532514073479
1,high,L'Anse-À-L'Orme,Agricultural,-73.9128495365524|45.4484478647405
1,high,L'Anse-À-L'Orme,Agricultural,-73.9289831093386|45.4518078494154
1,high,L'Anse-À-L'Orme,Agricultural,-73.9254128901628|45.4530809938794
1,high,L'Anse-À-L'Orme,Agricultural,-73.9277100900636|45.4525325044204
0.285,low,L'Anse-À-L'Orme,Agricultural,-73.9233417240665|45.4496692529539
0.1875,low,L'Anse-À-L'Orme,Agricultural,-73.9110859406708|45.4520536322182
0.285,low,L'Anse-À-L'Orme,Agricultural,-73.9233390314763|45.4493093221953
0.2725,low,L'Anse-À-L'Orme,Agricultural,-73.923102188318|45.4518297844248
0.35,med,L'Anse-À-L'Orme,Agricultural,-73.9090286822073|45.4504412848066
0.335,med,L'Anse-À-L'Orme,Agricultural,-73.9153838546642|45.4453791790719
0.3725,med,L'Anse-À-L'Orme,Agricultural,-73.9156487697515|45.446638008718
0.7025,med,L'Anse-À-L'Orme,Agricultural,-73.9098048649512|45.451698294936
0.6125,med,L'Anse-À-L'Orme,Agricultural,-73.9169231381097|45.4460934529473
1,high,L'Anse-À-L'Orme,Forested,-73.9090143738718|45.4484616620218
1,high,L'Anse-À-L'Orme,Forested,-73.907202617124|45.4454086376158
1,high,L'Anse-À-L'Orme,Forested,-73.9071624844833|45.4398296926968
1,high,L'Anse-À-L'Orme,Forested,-73.9099823294874|45.4408994302028
1,high,L'Anse-À-L'Orme,Forested,-73.9135399254209|45.4457042309695
0.26,low,L'Anse-À-L'Orme,Forested,-73.9090208774762|45.4493614906462
0.2525,low,L'Anse-À-L'Orme,Forested,-73.9048746075048|45.4416375315186
0.2275,low,L'Anse-À-L'Orme,Forested,-73.9079345879482|45.4405468204804
0.3,low,L'Anse-À-L'Orme,Forested,-73.9058946141357|45.4412739702588
0.2425,low,L'Anse-À-L'Orme,Forested,-73.9092765591398|45.4493605748048
0.59,med,L'Anse-À-L'Orme,Forested,-73.9040896809682|45.4391207219446
0.395,med,L'Anse-À-L'Orme,Forested,-73.9081889321253|45.4403659411965
0.795518207282913,med,L'Anse-À-L'Orme,Forested,-73.9115573994978|45.4479058485117
0.6125,med,L'Anse-À-L'Orme,Forested,-73.908953255011|45.4400032659572
0.481481481481482,med,L'Anse-À-L'Orme,Forested,-73.9109866342447|45.4484049019312
1,high,La Fontaine,Agricultural,-73.5649979899214|45.5254875960012
1,high,La Fontaine,Agricultural,-73.5710985391485|45.5269184682851
0.83,high,La Fontaine,Agricultural,-73.5672540917864|45.5236813741226
0.951898734177215,high,La Fontaine,Agricultural,-73.5657247872212|45.5285405264291
0.97,high,La Fontaine,Agricultural,-73.5710976322914|45.5261985973962
0.2925,low,La Fontaine,Agricultural,-73.5664908945907|45.52782108234
0.185,low,La Fontaine,Agricultural,-73.5682838505478|45.5283599280996
0.3,low,La Fontaine,Agricultural,-73.5664902585025|45.5272811792153
0.18,low,La Fontaine,Agricultural,-73.5695607516378|45.5256596399498
0.105,low,La Fontaine,Agricultural,-73.5685344326148|45.5238605811031
0.465,med,La Fontaine,Agricultural,-73.5718659690373|45.5263780844779
0.7475,med,La Fontaine,Agricultural,-73.5695614170627|45.526199543194
0.379699248120301,med,La Fontaine,Agricultural,-73.5721129634956|45.5276133257855
0.3875,med,La Fontaine,Agricultural,-73.5667409788602|45.5227818352218
0.555,med,La Fontaine,Agricultural,-73.5672534484899|45.5231414706133
0.926174496644295,high,Lafond,Industrial,-73.5693167743402|45.5530548756594
1,high,Lafond,Industrial,-73.5660897302377|45.5526031939417
1,high,Lafond,Industrial,-73.5697322458178|45.5507858616564
0.277777777777778,low,Lafond,Industrial,-73.567855670652|45.5509197207457
0.193905817174515,low,Lafond,Industrial,-73.567532535354|45.5526527226148
0.175,low,Lafond,Industrial,-73.5670322722292|45.5524763042771
0.132432432432432,low,Lafond,Industrial,-73.5690742088874|45.5533706064208
0.286802030456853,low,Lafond,Industrial,-73.5665211595819|45.5526557573877
0.530054644808743,med,Lafond,Industrial,-73.5670411133171|45.5517623110775
0.438461538461539,med,Lafond,Industrial,-73.5671043608596|45.5516072525735
0.790849673202614,med,Lafond,Industrial,-73.5692652451371|45.5531784527919
0.4225,med,Lafond,Industrial,-73.5675444448464|45.5524759253936
0.8775,high,Lalancette,Industrial,-73.5493547251828|45.5492459018592
0.962616822429906,high,Lalancette,Industrial,-73.5483478104201|45.5492090851897
0.94,high,Lalancette,Industrial,-73.5493545676789|45.5490659347802
0.9275,high,Lalancette,Industrial,-73.5493540951764|45.5485260335087
0.16,low,Lalancette,Industrial,-73.54909795786|45.5485261438832
0.2075,low,Lalancette,Industrial,-73.5485858382701|45.5487063300074
0.1425,low,Lalancette,Industrial,-73.5498665289388|45.5487057781317
0.215,low,Lalancette,Industrial,-73.5488418205422|45.5485262536833
0.449856733524355,med,Lalancette,Industrial,-73.5485754753156|45.5479981905195
0.704980842911877,med,Lalancette,Industrial,-73.5495704095996|45.5494157059054
0.505,med,Lalancette,Industrial,-73.5483297001319|45.5487064386596
0.785714285714286,med,Lalancette,Industrial,-73.5490149166961|45.5480627391385
1,high,Marguerite-Bourgeoys,Agricultural,-73.5595223264376|45.4752740789843
0.964601769911504,high,Marguerite-Bourgeoys,Agricultural,-73.5582297825475|45.4740281046785
0.985,high,Marguerite-Bourgeoys,Agricultural,-73.5577309548519|45.4745551203995
1,high,Marguerite-Bourgeoys,Agricultural,-73.5575884880628|45.4755505154467
0.925,high,Marguerite-Bourgeoys,Agricultural,-73.5584979883597|45.4741947911396
0.145833333333333,low,Marguerite-Bourgeoys,Agricultural,-73.5600301347095|45.4756311943222
0.28,low,Marguerite-Bourgeoys,Agricultural,-73.5579876796962|45.4754548378316
0.145,low,Marguerite-Bourgeoys,Agricultural,-73.5584989193595|45.4750946381887
0.22,low,Marguerite-Bourgeoys,Agricultural,-73.5595230843043|45.4759939564851
0.6425,med,Marguerite-Bourgeoys,Agricultural,-73.5597781316514|45.4752739454029
0.4075,med,Marguerite-Bourgeoys,Agricultural,-73.5582434857349|45.4754547076865
0.6525,med,Marguerite-Bourgeoys,Agricultural,-73.5574753414951|45.4747352227794
0.469194312796209,med,Marguerite-Bourgeoys,Agricultural,-73.5599806391629|45.475798653502
0.5325,med,Marguerite-Bourgeoys,Agricultural,-73.559521947515|45.4749141401997
1,high,Monseigneur-J.-A.-Richard,Industrial,-73.5605798988747|45.4589007225894
0.86,high,Monseigneur-J.-A.-Richard,Industrial,-73.5625708806584|45.4561956523069
0.8225,high,Monseigneur-J.-A.-Richard,Industrial,-73.5628261998917|45.4558355719743
0.9175,high,Monseigneur-J.-A.-Richard,Industrial,-73.5643590706181|45.4545749277498
1,high,Monseigneur-J.-A.-Richard,Industrial,-73.5609338958793|45.460150153376
0.235,low,Monseigneur-J.-A.-Richard,Industrial,-73.5610390912229|45.458536091789
0.1575,low,Monseigneur-J.-A.-Richard,Industrial,-73.5618068696155|45.4590755889547
0.212435233160622,low,Monseigneur-J.-A.-Richard,Industrial,-73.562884812356|45.455494577951
0.167701863354037,low,Monseigneur-J.-A.-Richard,Industrial,-73.5602989796868|45.4610597531912
0.2125,low,Monseigneur-J.-A.-Richard,Industrial,-73.564614576686|45.4543948133607
0.643874643874644,med,Monseigneur-J.-A.-Richard,Industrial,-73.5630958230341|45.4553024241777
0.433333333333333,med,Monseigneur-J.-A.-Richard,Industrial,-73.5620124081056|45.459615046717
0.68,med,Monseigneur-J.-A.-Richard,Industrial,-73.5641035629233|45.4547550415626
0.335,med,Monseigneur-J.-A.-Richard,Industrial,-73.5607847153036|45.4597960174006
0.335,med,Monseigneur-J.-A.-Richard,Industrial,-73.5641037668239|45.4549350115801
0.963636363636364,high,Parc Benny,Agricultural,-73.6338758218934|45.466261363953
1,high,Parc Benny,Agricultural,-73.6343396434123|45.4665080852557
0.872340425531915,high,Parc Benny,Agricultural,-73.633085902506|45.4657382596713
1,high,Parc Benny,Agricultural,-73.633612297267|45.4660865306691
1,high,Parc Benny,Agricultural,-73.6315058799921|45.4661205432649
0.26,low,Parc Benny,Agricultural,-73.6326635135062|45.4671139172581
0.1875,low,Parc Benny,Agricultural,-73.631228792192|45.4664561003091
0.201005025125628,low,Parc Benny,Agricultural,-73.6318960649448|45.4669346383915
0.427027027027027,med,Parc Benny,Agricultural,-73.63139187524|45.4664007515469
0.585,med,Parc Benny,Agricultural,-73.6316391857735|45.4665751930395
0.354748603351955,med,Parc Benny,Agricultural,-73.6331609614758|45.4658617778101
0.341085271317829,med,Parc Benny,Agricultural,-73.6323572292769|45.4653667221146
0.71,med,Parc Benny,Agricultural,-73.6326601363905|45.4656741630047
0.895,high,Parc Centennial,Agricultural,-73.8628364761201|45.4243216279305
1,high,Parc Centennial,Agricultural,-73.8633499251204|45.4246799380559
1,high,Parc Centennial,Agricultural,-73.8623218823935|45.4237833479483
0.965,high,Parc Centennial,Agricultural,-73.8620697660628|45.4243240608512
0.9375,high,Parc Centennial,Agricultural,-73.8625774499766|45.4237825369899
0.1375,low,Parc Centennial,Agricultural,-73.8628307118892|45.4234217904506
0.252293577981651,low,Parc Centennial,Agricultural,-73.8626234464849|45.4228687849015
0.17,low,Parc Centennial,Agricultural,-73.8633429982014|45.4236001331924
0.535714285714286,med,Parc Centennial,Agricultural,-73.8621096244219|45.4233001550882
0.605,med,Parc Centennial,Agricultural,-73.8636054967199|45.424679124785
0.777777777777778,med,Parc Centennial,Agricultural,-73.8623308146746|45.4232666052899
0.8,med,Parc Centennial,Agricultural,-73.8638575999279|45.4241384085666
0.695,med,Parc Centennial,Agricultural,-73.8625832102564|45.4246823744379
0.935,high,Parc Fritz,Agricultural,-73.9209937904786|45.4090044842473
1,high,Parc Fritz,Agricultural,-73.9204761157176|45.4081065328161
1,high,Parc Fritz,Agricultural,-73.9211135790391|45.4075052954376
1,high,Parc Fritz,Agricultural,-73.9207316108209|45.4081055919947
1,high,Parc Fritz,Agricultural,-73.9209518070863|45.4082832344816
0.175,low,Parc Fritz,Agricultural,-73.9197136288647|45.4086492521441
0.1275,low,Parc Fritz,Agricultural,-73.9197162946162|45.4090091856438
0.183098591549296,low,Parc Fritz,Agricultural,-73.9182008856686|45.4081891253016
0.105,low,Parc Fritz,Agricultural,-73.9212479518633|45.4088235755417
0.2,low,Parc Fritz,Agricultural,-73.9207422997891|45.4095453258058
0.657894736842105,med,Parc Fritz,Agricultural,-73.918998040561|45.4079971862967
0.3975,med,Parc Fritz,Agricultural,-73.9189444752307|45.4082921325313
0.4475,med,Parc Fritz,Agricultural,-73.9204854628414|45.409366299962
0.73,med,Parc Fritz,Agricultural,-73.9197202933379|45.4095490858504
0.69,med,Parc Fritz,Agricultural,-73.9202246240022|45.4086473733234
1,high,Parc Saint-Gabriel,Agricultural,-73.5659206037342|45.4779701074222
1,high,Parc Saint-Gabriel,Agricultural,-73.5659208135841|45.4781500766986
0.857142857142857,high,Parc Saint-Gabriel,Agricultural,-73.5661767031968|45.4777903449097
1,high,Parc Saint-Gabriel,Agricultural,-73.5666878435801|45.4777896926744
1,high,Parc Saint-Gabriel,Agricultural,-73.5673554776374|45.4777125839691
0.54,med,Parc Saint-Gabriel,Agricultural,-73.5669752140084|45.4773135774186
0.574468085106383,med,Parc Saint-Gabriel,Agricultural,-73.5652519262398|45.478142446809
0.655555555555556,med,Parc Saint-Gabriel,Agricultural,-73.5664417310025|45.4776181753852
0.615,med,Parc Saint-Gabriel,Agricultural,-73.5656652225167|45.4783301805878
1,high,Père-Marquette,Industrial,-73.5950637028743|45.5379659152788
0.892857142857143,high,Père-Marquette,Industrial,-73.5921765635339|45.5398749080308
0.946428571428571,high,Père-Marquette,Industrial,-73.5953662554485|45.5381245629834
0.978723404255319,high,Père-Marquette,Industrial,-73.5921695335401|45.53970376049
0.230769230769231,low,Père-Marquette,Industrial,-73.5961605089029|45.5405782635486
0.198275862068966,low,Père-Marquette,Industrial,-73.5920875907151|45.5386352210341
0.26948051948052,low,Père-Marquette,Industrial,-73.5954256999079|45.540056199269
0.1675,low,Père-Marquette,Industrial,-73.595188974863|45.5403985072807
0.12,low,Père-Marquette,Industrial,-73.5898071465087|45.5380632880432
0.31129476584022,med,Père-Marquette,Industrial,-73.5890497600765|45.538250209787
0.35,med,Père-Marquette,Industrial,-73.594928937727|45.5380591466319
0.563517915309446,med,Père-Marquette,Industrial,-73.5954692008338|45.5396887413941
0.628691983122363,med,Père-Marquette,Industrial,-73.5911098938056|45.5396514295986
1,high,Pointe-aux-Prairies,Agricultural,-73.4940143386416|45.6809908297055
1,high,Pointe-aux-Prairies,Agricultural,-73.4968384710721|45.6813508686993
1,high,Pointe-aux-Prairies,Agricultural,-73.5250830732554|45.6878268219608
1,high,Pointe-aux-Prairies,Agricultural,-73.4917214432675|45.6817139188405
1,high,Pointe-aux-Prairies,Agricultural,-73.4947844952208|45.6817107193122
0.2925,low,Pointe-aux-Prairies,Agricultural,-73.5186661574188|45.6950265563555
0.1075,low,Pointe-aux-Prairies,Agricultural,-73.5132730744267|45.6943074600235
0.202898550724638,low,Pointe-aux-Prairies,Agricultural,-73.5262778366825|45.6877826451149
0.1225,low,Pointe-aux-Prairies,Agricultural,-73.4981221609998|45.6820707488174
0.12,low,Pointe-aux-Prairies,Agricultural,-73.5166108620543|45.6921474724449
0.44,med,Pointe-aux-Prairies,Agricultural,-73.520975858242|45.6908870159356
0.775,med,Pointe-aux-Prairies,Agricultural,-73.5250822689473|45.6860271942663
0.4775,med,Pointe-aux-Prairies,Agricultural,-73.51635312583|45.6889081815136
0.5875,med,Pointe-aux-Prairies,Agricultural,-73.5155841431431|45.6937672804723
0.5275,med,Pointe-aux-Prairies,Agricultural,-73.5160966065645|45.6898080314925
1,high,Pointe-aux-Prairies,Forested,-73.5112152768757|45.6773911753946
1,high,Pointe-aux-Prairies,Forested,-73.5117285006745|45.6763113452269
1,high,Pointe-aux-Prairies,Forested,-73.5103355077694|45.6756789565811
1,high,Pointe-aux-Prairies,Forested,-73.5119853740988|45.6770311710131
1,high,Pointe-aux-Prairies,Forested,-73.5108484016814|45.6807643824349
0.265486725663717,low,Pointe-aux-Prairies,Forested,-73.5109505114135|45.6758116186056
0.492063492063492,med,Pointe-aux-Prairies,Forested,-73.5087513560972|45.6809668640666
0.452173913043478,med,Pointe-aux-Prairies,Forested,-73.5122342579491|45.6759906806767
0.78,med,Pointe-aux-Prairies,Forested,-73.5113057746692|45.6758128412793
0.698630136986301,med,Pointe-aux-Prairies,Forested,-73.5089990297352|45.6814979629108
0.575757575757576,med,Pointe-aux-Prairies,Forested,-73.5101584755319|45.6756666697968
1,high,Pointe-aux-Prairies,Industrial,-73.5118853014759|45.6962532219818
0.905,high,Pointe-aux-Prairies,Industrial,-73.510448285074|45.694487715826
1,high,Pointe-aux-Prairies,Industrial,-73.5132724358805|45.6916080211574
0.98,high,Pointe-aux-Prairies,Industrial,-73.5142991820351|45.6899882332864
1,high,Pointe-aux-Prairies,Industrial,-73.5132726912881|45.6926877968576
0.27027027027027,low,Pointe-aux-Prairies,Industrial,-73.5155750647336|45.6881541332529
0.215,low,Pointe-aux-Prairies,Industrial,-73.5096744015528|45.6743319429386
0.285,low,Pointe-aux-Prairies,Industrial,-73.5137854405796|45.6892684456247
0.14,low,Pointe-aux-Prairies,Industrial,-73.5109617502446|45.6937678174792
0.6725,med,Pointe-aux-Prairies,Industrial,-73.5114752022407|45.6930479167349
0.7825,med,Pointe-aux-Prairies,Industrial,-73.5130155626725|45.6912481254209
0.316666666666667,med,Pointe-aux-Prairies,Industrial,-73.5137000875942|45.6923124002411
0.7625,med,Pointe-aux-Prairies,Industrial,-73.5104485867003|45.696107378496
0.5575,med,Pointe-aux-Prairies,Industrial,-73.5127588564352|45.691608079666
1,high,Promenade-Bellerive,Industrial,-73.5092644473044|45.5994510602806
0.925,high,Promenade-Bellerive,Industrial,-73.5094049478205|45.5982070286439
0.86890243902439,high,Promenade-Bellerive,Industrial,-73.5094259921881|45.6003611443643
0.983606557377049,high,Promenade-Bellerive,Industrial,-73.5089978471746|45.6050699451177
0.827272727272727,high,Promenade-Bellerive,Industrial,-73.5092055224877|45.6046934723635
0.1325,low,Promenade-Bellerive,Industrial,-73.5088936996418|45.607565272774
0.1525,low,Promenade-Bellerive,Industrial,-73.5091483212745|45.596587358907
0.275773195876289,low,Promenade-Bellerive,Industrial,-73.5101699057439|45.5991084391438
0.2425,low,Promenade-Bellerive,Industrial,-73.5096620215904|45.6023462143448
0.225,low,Promenade-Bellerive,Industrial,-73.5091499885777|45.6068453912975
0.316455696202532,med,Promenade-Bellerive,Industrial,-73.5095847472662|45.5969586921674
0.4275,med,Promenade-Bellerive,Industrial,-73.5096614964804|45.5992868006961
0.585,med,Promenade-Bellerive,Industrial,-73.5096612802832|45.5980270416566
0.4275,med,Promenade-Bellerive,Industrial,-73.5076095530303|45.5919083630698
0.3125,med,Promenade-Bellerive,Industrial,-73.5083789051773|45.5942478640626
1,high,Thomas-Chapais,Forested,-73.5396627927959|45.6080986296376
1,high,Thomas-Chapais,Forested,-73.5378674499791|45.6073793776771
1,high,Thomas-Chapais,Forested,-73.5363290195168|45.607379877264
1,high,Thomas-Chapais,Forested,-73.5391502264955|45.6084587369959
0.979848866498741,high,Thomas-Chapais,Forested,-73.5360707109676|45.6064811675648
0.171102661596958,low,Thomas-Chapais,Forested,-73.5396745299208|45.6096901765831
0.205,low,Thomas-Chapais,Forested,-73.5345335213563|45.6063006422031
0.28,low,Thomas-Chapais,Forested,-73.5394073926076|45.6095384400952
0.222222222222222,low,Thomas-Chapais,Forested,-73.5377011906067|45.609278046384
0.27027027027027,low,Thomas-Chapais,Forested,-73.5330469597248|45.6083854049906
0.34,med,Thomas-Chapais,Forested,-73.5386380243198|45.6093587376595
0.5675,med,Thomas-Chapais,Forested,-73.5399202224176|45.6095382620433
0.3125,med,Thomas-Chapais,Forested,-73.5383814874868|45.6091788588917
0.715,med,Thomas-Chapais,Forested,-73.5345345152273|45.6079203297178
0.5,med,Thomas-Chapais,Forested,-73.5392363783614|45.6096386247653
